START,END,BUNDLE ID,USAGE IN SECONDS,USAGE IN MINUTES,DEVICE ID (HARDWARE UUID),NAME,VALUE,DAY OF WEEK,GMT OFFSET,ENTRY CREATION,UUID,ZMETADATAHASH,ZOBJECT TABLE ID
1642604313,1642605057,com.apple.Maps,744,12.4,,,,Wednesday,-5,2022-01-19 15:10:57,5D5C61BF-0D98-4CF7-AB86-3366AA4B360D,b1ff6f5fc650baff257fe0c8c33ec346,1957
1642606037,1642606051,com.apple.Maps,14,0.233333333333333,,,,Wednesday,-5,2022-01-19 15:27:31,07B691A1-5188-4BC4-9561-C0AB28079901,b1ff6f5fc650baff257fe0c8c33ec346,1986
1642606062,1642606761,com.apple.Maps,699,11.65,,,,Wednesday,-5,2022-01-19 15:39:21,542B45CF-4B44-418B-9135-E1A46C9E1295,b1ff6f5fc650baff257fe0c8c33ec346,2076
1642616461,1642616467,com.apple.Maps,6,0.1,,,,Wednesday,-5,2022-01-19 18:21:07,56A17216-A2D4-42ED-B8F7-896D5ECF448E,b1ff6f5fc650baff257fe0c8c33ec346,2107
1642616472,1642616474,com.apple.Maps,2,0.0333333333333333,,,,Wednesday,-5,2022-01-19 18:21:14,F5F90D42-D685-4957-AB05-078EC8536942,b1ff6f5fc650baff257fe0c8c33ec346,2112
1642617731,1642617737,com.apple.Maps,6,0.1,,,,Wednesday,-5,2022-01-19 18:42:17,52469BD2-EDC5-44F4-8DCE-66D1F4405C16,b1ff6f5fc650baff257fe0c8c33ec346,2128
1642617773,1642617779,com.apple.Maps,6,0.1,,,,Wednesday,-5,2022-01-19 18:42:59,5F325C08-77BA-4B02-932A-C218D5CE5331,b1ff6f5fc650baff257fe0c8c33ec346,2133
1642622291,1642622297,com.apple.Maps,6,0.1,,,,Wednesday,-5,2022-01-19 19:58:17,290ACB04-AC33-4B7E-8D4F-A8A720B4B932,b1ff6f5fc650baff257fe0c8c33ec346,2149
1642622836,1642622842,com.apple.Maps,6,0.1,,,,Wednesday,-5,2022-01-19 20:07:22,AB39B1B1-8C4F-4E47-9A39-B27D011C8B4C,b1ff6f5fc650baff257fe0c8c33ec346,2153
1642623020,1642623022,com.apple.Maps,2,0.0333333333333333,,,,Wednesday,-5,2022-01-19 20:10:22,69F6505E-6C27-4B0C-ADCB-8524EEFABDAB,b1ff6f5fc650baff257fe0c8c33ec346,2175
1642623026,1642623033,com.apple.Maps,7,0.116666666666667,,,,Wednesday,-5,2022-01-19 20:10:33,DECF86A0-3981-4F79-89FB-4D3E6464293D,b1ff6f5fc650baff257fe0c8c33ec346,2180
1642628270,1642628310,com.apple.Maps,40,0.666666666666667,,,,Wednesday,-5,2022-01-19 21:38:30,FD8F285F-9DAD-437B-A1E2-5154E99C8FD9,b1ff6f5fc650baff257fe0c8c33ec346,2228
1642634149,1642634154,com.apple.Maps,5,0.0833333333333333,,,,Wednesday,-5,2022-01-19 23:15:54,DFC6F036-C304-41E9-9A9A-EA4F3CA31E4F,b1ff6f5fc650baff257fe0c8c33ec346,2245
1642634156,1642634156,com.apple.Maps,0,0.0,,,,Wednesday,-5,2022-01-19 23:15:56,804D3E8F-9E5F-43F8-8273-6D2414BDD4A3,b1ff6f5fc650baff257fe0c8c33ec346,2250
1642634157,1642634159,com.apple.Maps,2,0.0333333333333333,,,,Wednesday,-5,2022-01-19 23:15:59,3F09E9C7-0E2A-4E0D-A323-FCC63998A20A,b1ff6f5fc650baff257fe0c8c33ec346,2258
1642652954,1642652955,com.apple.Maps,1,0.0166666666666667,,,,Wednesday,-5,2022-01-20 04:29:15,C865431B-B219-48AA-A3D6-4405B6F3F5E4,b1ff6f5fc650baff257fe0c8c33ec346,2543
1642794988,1642794988,com.apple.Maps,0,0.0,,,,Friday,-5,2022-01-21 19:56:28,69E0E626-106D-474D-A888-EFADB465E4A8,b1ff6f5fc650baff257fe0c8c33ec346,2698
1642794992,1642794998,com.apple.Maps,6,0.1,,,,Friday,-5,2022-01-21 19:56:38,8CE19806-94E2-46BE-B167-1478BF0BED8D,b1ff6f5fc650baff257fe0c8c33ec346,2715
1642794995,1642794995,com.apple.camera,0,0.0,,,,Friday,-5,2022-01-21 19:56:35,0243F8FC-7018-45ED-851C-7FC060A7A70B,b1ff6f5fc650baff257fe0c8c33ec346,2711
1642795005,1642795006,com.apple.Maps,1,0.0166666666666667,,,,Friday,-5,2022-01-21 19:56:46,272FBB06-2773-4453-890C-7090BBA80BD9,b1ff6f5fc650baff257fe0c8c33ec346,2721
1642795050,1642795054,com.apple.Maps,4,0.0666666666666667,,,,Friday,-5,2022-01-21 19:57:34,716FCB57-7CDB-47A5-8447-E8568915244B,b1ff6f5fc650baff257fe0c8c33ec346,2728
1642795066,1642795076,com.apple.Maps,10,0.166666666666667,,,,Friday,-5,2022-01-21 19:57:56,B7889376-D0A6-4F23-9DC7-A7A9756B626A,b1ff6f5fc650baff257fe0c8c33ec346,2733
1642796037,1642796047,com.apple.Maps,10,0.166666666666667,,,,Friday,-5,2022-01-21 20:14:07,90A625DB-6E7B-4E7A-B297-8B1A75DEF022,b1ff6f5fc650baff257fe0c8c33ec346,2749
1642796082,1642796092,com.apple.Maps,10,0.166666666666667,,,,Friday,-5,2022-01-21 20:14:52,2370101D-FF49-4EC5-9AC7-7CCB31C97C2D,b1ff6f5fc650baff257fe0c8c33ec346,2753
1642796101,1642796106,com.apple.Maps,5,0.0833333333333333,,,,Friday,-5,2022-01-21 20:15:06,ACE1314E-18B9-4908-A8F8-30C360D40253,b1ff6f5fc650baff257fe0c8c33ec346,2806
1642796167,1642796204,com.apple.mobilesafari,37,0.616666666666667,,,,Friday,-5,2022-01-21 20:16:44,836993A5-1148-4575-8714-BAC4566FE5A9,b1ff6f5fc650baff257fe0c8c33ec346,2832
1642796222,1642796781,com.apple.Preferences,559,9.31666666666667,,,,Friday,-5,2022-01-21 20:26:21,558D3F8B-633F-4BB9-BE76-2AF3B03F90EF,b1ff6f5fc650baff257fe0c8c33ec346,2866
1642796788,1642796995,com.apple.AppStore,207,3.45,,,,Friday,-5,2022-01-21 20:29:55,30EE197B-4B6A-46FD-8F78-F74ACF2D9750,b1ff6f5fc650baff257fe0c8c33ec346,2876
1642796999,1642797479,com.apple.AppStore,480,8.0,,,,Friday,-5,2022-01-21 20:37:59,4217F26E-2B59-4E53-9FD9-A0D573BE0834,b1ff6f5fc650baff257fe0c8c33ec346,2909
1642797483,1642797692,com.apple.Preferences,209,3.48333333333333,,,,Friday,-5,2022-01-21 20:41:32,97AE47E9-CD05-40D3-B22E-2A99B31AEEC6,b1ff6f5fc650baff257fe0c8c33ec346,2919
1642797730,1642797788,com.apple.mobilesafari,58,0.966666666666667,,,,Friday,-5,2022-01-21 20:43:08,500280AB-0361-481D-822A-9C62FC83B2DA,b1ff6f5fc650baff257fe0c8c33ec346,2928
1642797789,1642798106,com.apple.AppStore,317,5.28333333333333,,,,Friday,-5,2022-01-21 20:48:26,34FC1BFA-B82E-4A56-9457-921ACE40B146,b1ff6f5fc650baff257fe0c8c33ec346,2956
1642798833,1642798833,com.apple.AppStore,0,0.0,,,,Friday,-5,2022-01-21 21:00:33,0E9A1F76-344A-4F3E-9618-E5E8E3DA1D31,b1ff6f5fc650baff257fe0c8c33ec346,2967
1642798834,1642798836,com.apple.AppStore,2,0.0333333333333333,,,,Friday,-5,2022-01-21 21:00:36,A013D188-A2BC-480A-8317-DB93B8B741F2,b1ff6f5fc650baff257fe0c8c33ec346,2972
1642798836,1642798840,com.apple.AppStore,4,0.0666666666666667,,,,Friday,-5,2022-01-21 21:00:40,8EA7D97A-0787-478E-BE21-C0258C8EC92A,b1ff6f5fc650baff257fe0c8c33ec346,2977
1642799569,1642799579,com.apple.AppStore,10,0.166666666666667,,,,Friday,-5,2022-01-21 21:12:59,1E1FB41C-ED9D-4A3C-9962-AABCF93626EF,b1ff6f5fc650baff257fe0c8c33ec346,2983
1642799585,1642800115,com.apple.AppStore,530,8.83333333333333,,,,Friday,-5,2022-01-21 21:21:55,72307715-AEA1-42EC-88E3-15434A57FF1C,b1ff6f5fc650baff257fe0c8c33ec346,3018
1642800207,1642800329,com.apple.Preferences,122,2.03333333333333,,,,Friday,-5,2022-01-21 21:25:29,280343BC-9745-4A9B-9DD1-3DE57587EA58,b1ff6f5fc650baff257fe0c8c33ec346,3028
1642800342,1642800439,com.google.Gmail,97,1.61666666666667,,,,Friday,-5,2022-01-21 21:27:19,4AA9F83F-45B2-4F3E-BB1E-94D350CD3751,b1ff6f5fc650baff257fe0c8c33ec346,3038
1642800504,1642800785,com.hammerandchisel.discord,281,4.68333333333333,,,,Friday,-5,2022-01-21 21:33:05,82EE87A4-E0C7-4E3B-B025-4E62BE577A99,b1ff6f5fc650baff257fe0c8c33ec346,3054
1642800790,1642800996,com.toyopagroup.picaboo,206,3.43333333333333,,,,Friday,-5,2022-01-21 21:36:36,1FC74E2C-0AD0-4611-93BD-3BAC3462944D,b1ff6f5fc650baff257fe0c8c33ec346,3061
1642800998,1642801364,com.moxco.bumble,366,6.1,,,,Friday,-5,2022-01-21 21:42:44,4F9AEA05-C0FA-4261-B8EF-D3175B991EEE,b1ff6f5fc650baff257fe0c8c33ec346,3070
1642801384,1642802182,com.atebits.Tweetie2,798,13.3,,,,Friday,-5,2022-01-21 21:56:22,BA190CCD-39BA-4E65-8E75-6DA3F0D23635,b1ff6f5fc650baff257fe0c8c33ec346,3086
1642802221,1642802517,com.reddit.Reddit,296,4.93333333333333,,,,Friday,-5,2022-01-21 22:01:57,1EDA4FDB-41A8-457F-A781-48CA9308A57D,b1ff6f5fc650baff257fe0c8c33ec346,3097
1642802545,1642802607,org.whispersystems.signal,62,1.03333333333333,,,,Friday,-5,2022-01-21 22:03:27,98666CD5-7393-46D9-B240-D83E20A7DC5A,b1ff6f5fc650baff257fe0c8c33ec346,3103
1642802611,1642802683,com.moxco.bumble,72,1.2,,,,Friday,-5,2022-01-21 22:04:43,A3092D7B-B56A-4D15-B2EB-27F4B0169C33,b1ff6f5fc650baff257fe0c8c33ec346,3106
1642802690,1642802830,com.wearezeta.zclient.ios,140,2.33333333333333,,,,Friday,-5,2022-01-21 22:07:10,4674523A-4AA3-415E-BAAA-DC73AF31BF4A,b1ff6f5fc650baff257fe0c8c33ec346,3113
1642803090,1642803163,com.alltrails.AllTrails,73,1.21666666666667,,,,Friday,-5,2022-01-21 22:12:43,F5FAA2FA-D367-44DA-A18D-686CA2C51FF8,b1ff6f5fc650baff257fe0c8c33ec346,3130
1642803188,1642803268,ru.appscraft.CollectorGame,80,1.33333333333333,,,,Friday,-5,2022-01-21 22:14:28,2623D5DF-FF94-4399-96CD-E73F47700589,b1ff6f5fc650baff257fe0c8c33ec346,3136
1642803271,1642803603,com.chess.iphone,332,5.53333333333333,,,,Friday,-5,2022-01-21 22:20:03,D4EBE7F5-4499-45F6-8786-296580BEC421,b1ff6f5fc650baff257fe0c8c33ec346,3146
1642803607,1642803616,com.gma.water.sort.puzzle,9,0.15,,,,Friday,-5,2022-01-21 22:20:16,37525C24-0E6B-4EF2-A19E-735FAF2CBEA3,b1ff6f5fc650baff257fe0c8c33ec346,3149
1642803679,1642803701,com.apple.camera,22,0.366666666666667,,,,Friday,-5,2022-01-21 22:21:41,31483C08-E780-4630-B2C7-32CDEB778507,b1ff6f5fc650baff257fe0c8c33ec346,3160
1643507782,1643508275,com.moxco.bumble,493,8.21666666666667,,,,Saturday,-5,2022-01-30 02:04:35,8EAA2E56-2310-4291-9509-2524CB0A4C6C,b1ff6f5fc650baff257fe0c8c33ec346,3649
1643508292,1643508537,com.toyopagroup.picaboo,245,4.08333333333333,,,,Saturday,-5,2022-01-30 02:08:57,1A5BD7A0-5087-44FF-BF30-76A08C02E11E,b1ff6f5fc650baff257fe0c8c33ec346,3659
1643508538,1643508721,com.moxco.bumble,183,3.05,,,,Saturday,-5,2022-01-30 02:12:01,4F6372AB-7FDF-4412-B42F-4B2F584175BE,b1ff6f5fc650baff257fe0c8c33ec346,3665
1643508747,1643509089,com.moxco.bumble,342,5.7,,,,Saturday,-5,2022-01-30 02:18:09,3D3F5685-B8D7-4191-83DE-1167F31A3F6D,b1ff6f5fc650baff257fe0c8c33ec346,3708
1643509094,1643509208,com.google.Gmail,114,1.9,,,,Saturday,-5,2022-01-30 02:20:08,B687F15E-7264-4187-93A8-BBAB3F92B929,b1ff6f5fc650baff257fe0c8c33ec346,3718
1643509208,1643509677,com.reddit.Reddit,469,7.81666666666667,,,,Saturday,-5,2022-01-30 02:27:57,48F62A89-6CFE-448C-BF6E-2B0E5C113D98,b1ff6f5fc650baff257fe0c8c33ec346,3727
1643509720,1643510203,com.reddit.Reddit,483,8.05,,,,Saturday,-5,2022-01-30 02:36:43,AFB651EF-DE6F-4496-8D6F-CB2C88BEAA69,b1ff6f5fc650baff257fe0c8c33ec346,3749
1643760072,1643760096,com.moxco.bumble,24,0.4,,,,Tuesday,-5,2022-02-02 00:01:36,3720D463-5EB9-4DA5-8FD2-6FF9460DC692,b1ff6f5fc650baff257fe0c8c33ec346,4033
1643760121,1643760182,com.apple.Preferences,61,1.01666666666667,,,,Tuesday,-5,2022-02-02 00:03:02,7A60F442-D1E7-4122-AB48-81AAA7EFC16D,b1ff6f5fc650baff257fe0c8c33ec346,4038
1643760187,1643760246,com.moxco.bumble,59,0.983333333333333,,,,Tuesday,-5,2022-02-02 00:04:06,E3B3BE81-D49F-48E7-8E36-AC5AE2498805,b1ff6f5fc650baff257fe0c8c33ec346,4055
1643760249,1643760268,com.reddit.Reddit,19,0.316666666666667,,,,Tuesday,-5,2022-02-02 00:04:28,0AC366D0-6CA3-4449-B8D8-51672084290A,b1ff6f5fc650baff257fe0c8c33ec346,4057
1643764459,1643764484,com.reddit.Reddit,25,0.416666666666667,,,,Tuesday,-5,2022-02-02 01:14:44,EC129494-A993-4599-A90E-FE0BE7651A39,b1ff6f5fc650baff257fe0c8c33ec346,4080
1643764730,1643764733,com.reddit.Reddit,3,0.05,,,,Tuesday,-5,2022-02-02 01:18:53,6279BAB2-993B-4881-AF26-FB9CE5281B54,b1ff6f5fc650baff257fe0c8c33ec346,4085
1643764734,1643764735,com.reddit.Reddit,1,0.0166666666666667,,,,Tuesday,-5,2022-02-02 01:18:55,CB3A77EF-82FF-437F-8C6D-3804D1079443,b1ff6f5fc650baff257fe0c8c33ec346,4090
1643764738,1643764741,com.reddit.Reddit,3,0.05,,,,Tuesday,-5,2022-02-02 01:19:01,BA8181BB-550D-4DA8-A46C-93A6B620A8EE,b1ff6f5fc650baff257fe0c8c33ec346,4095
1643810584,1643810590,com.reddit.Reddit,6,0.1,,,,Wednesday,-5,2022-02-02 14:03:10,AD43DA25-71A8-4918-99CA-B8D83C305183,b1ff6f5fc650baff257fe0c8c33ec346,4132
1643826670,1643826676,com.reddit.Reddit,6,0.1,,,,Wednesday,-5,2022-02-02 18:31:16,6BEB07FE-1AB6-4C38-A778-24E7600A2D3B,b1ff6f5fc650baff257fe0c8c33ec346,4140
1643826823,1643826842,com.reddit.Reddit,19,0.316666666666667,,,,Wednesday,-5,2022-02-02 18:34:02,C8AAF0D4-BD01-4A82-BD95-F10CD581E166,b1ff6f5fc650baff257fe0c8c33ec346,4149
1643826849,1643827263,com.apple.Preferences,414,6.9,,,,Wednesday,-5,2022-02-02 18:41:03,16C3B6C1-5C07-41E1-B315-37FD12DF2188,b1ff6f5fc650baff257fe0c8c33ec346,4171
1643827267,1643827421,com.moxco.bumble,154,2.56666666666667,,,,Wednesday,-5,2022-02-02 18:43:41,9FEEE4F9-CFE4-4637-9BC6-96BD8DEA1F1F,b1ff6f5fc650baff257fe0c8c33ec346,4178
1643827423,1643827645,com.atebits.Tweetie2,222,3.7,,,,Wednesday,-5,2022-02-02 18:47:25,B8DB8FB4-BB58-4E00-8281-F38999F5AD24,b1ff6f5fc650baff257fe0c8c33ec346,4188
1643827647,1643827741,ru.appscraft.CollectorGame,94,1.56666666666667,,,,Wednesday,-5,2022-02-02 18:49:01,1FE7D5C9-616D-42C7-B671-75C263799548,b1ff6f5fc650baff257fe0c8c33ec346,4193
1643827777,1643827987,com.chess.iphone,210,3.5,,,,Wednesday,-5,2022-02-02 18:53:07,5A634B7E-59C7-4297-8824-980B88E1FD4B,b1ff6f5fc650baff257fe0c8c33ec346,4199
1643841587,1643841597,com.chess.iphone,10,0.166666666666667,,,,Wednesday,-5,2022-02-02 22:39:57,12A81A68-4CE7-47F7-B01B-DB77724387D8,b1ff6f5fc650baff257fe0c8c33ec346,4237
1643841707,1643841717,com.chess.iphone,10,0.166666666666667,,,,Wednesday,-5,2022-02-02 22:41:57,CE7D0726-3B2E-424C-89E7-FA36DEC6FF59,b1ff6f5fc650baff257fe0c8c33ec346,4240
1643934256,1643934374,com.reddit.Reddit,118,1.96666666666667,,,,Thursday,-5,2022-02-04 00:26:14,2CC4BCC7-AD00-4F07-91CB-4AA92C650853,b1ff6f5fc650baff257fe0c8c33ec346,4591
1643934375,1643934886,com.apple.Preferences,511,8.51666666666667,,,,Thursday,-5,2022-02-04 00:34:46,0EB71D91-1D31-4389-917F-7F9E02F8C66A,b1ff6f5fc650baff257fe0c8c33ec346,4611
1643934889,1643935752,com.moxco.bumble,863,14.3833333333333,,,,Thursday,-5,2022-02-04 00:49:12,6B53A979-64A4-429C-839A-7B929AB2114F,b1ff6f5fc650baff257fe0c8c33ec346,4636
1643935757,1643935868,com.apple.AppStore,111,1.85,,,,Thursday,-5,2022-02-04 00:51:08,C0ECF496-2219-446D-BA9B-DF9CF8DC972D,b1ff6f5fc650baff257fe0c8c33ec346,4643
1643935874,1643936150,com.apple.mobilesafari,276,4.6,,,,Thursday,-5,2022-02-04 00:55:50,E3C788B6-BBFD-4E51-B6D2-7D41BEC8D6C9,b1ff6f5fc650baff257fe0c8c33ec346,4660
1643936155,1643937283,com.chess.iphone,1128,18.8,,,,Thursday,-5,2022-02-04 01:14:43,B2AB9F46-3ED2-44E3-B3DC-C58B624A6060,b1ff6f5fc650baff257fe0c8c33ec346,4673
1643947742,1643947802,com.moxco.bumble,60,1.0,,,,Thursday,-5,2022-02-04 04:10:02,C27F95A6-522C-4C33-80F5-9EA128990D92,b1ff6f5fc650baff257fe0c8c33ec346,4740
1643947803,1643947924,com.hammerandchisel.discord,121,2.01666666666667,,,,Thursday,-5,2022-02-04 04:12:04,D7D1A990-FA25-43FA-A5A2-21BF9B7AB31E,b1ff6f5fc650baff257fe0c8c33ec346,4749
1643947924,1643947994,com.moxco.bumble,70,1.16666666666667,,,,Thursday,-5,2022-02-04 04:13:14,4D969C63-0AB0-4907-B87C-66711AC90B4D,b1ff6f5fc650baff257fe0c8c33ec346,4752
1644122404,1644122461,com.apple.Preferences,57,0.95,,,,Saturday,-5,2022-02-06 04:41:01,672FA0EE-925C-432D-91AA-2DF5090B2317,b1ff6f5fc650baff257fe0c8c33ec346,4951
1644122463,1644123054,com.atebits.Tweetie2,591,9.85,,,,Saturday,-5,2022-02-06 04:50:54,3AED2E0D-9C34-40F2-823B-4992F0AEE3C2,b1ff6f5fc650baff257fe0c8c33ec346,5026
1644123054,1644123062,com.apple.MobileSMS,8,0.133333333333333,,,,Saturday,-5,2022-02-06 04:51:02,E90E32F5-A247-4869-966B-D58EA2171452,b1ff6f5fc650baff257fe0c8c33ec346,5032
1644123062,1644123209,com.apple.mobilesafari,147,2.45,,,,Saturday,-5,2022-02-06 04:53:29,35F108B6-0103-4224-9209-265235DF72C9,b1ff6f5fc650baff257fe0c8c33ec346,5055
1644123209,1644123223,com.atebits.Tweetie2,14,0.233333333333333,,,,Saturday,-5,2022-02-06 04:53:43,F4AC5621-EAA4-466A-8BAE-FFD5D325A852,b1ff6f5fc650baff257fe0c8c33ec346,5059
1644123230,1644123378,com.alltrails.AllTrails,148,2.46666666666667,,,,Saturday,-5,2022-02-06 04:56:18,0E507F7A-70F4-419E-B67B-D7C246C68A4C,b1ff6f5fc650baff257fe0c8c33ec346,5063
1644123381,1644123519,com.apple.mobilenotes,138,2.3,,,,Saturday,-5,2022-02-06 04:58:39,E828E006-7FF8-4B5C-B00F-7ABF2E3D93B8,b1ff6f5fc650baff257fe0c8c33ec346,5079
1644123771,1644123772,com.apple.mobilenotes,1,0.0166666666666667,,,,Sunday,-5,2022-02-06 05:02:52,05F394C5-26C3-4AD5-8BA5-3F005DAA0493,b1ff6f5fc650baff257fe0c8c33ec346,5102
1644124045,1644124047,com.apple.mobilenotes,2,0.0333333333333333,,,,Sunday,-5,2022-02-06 05:07:27,A0F43E5C-A9B8-47AC-BF10-B5FC7F586244,b1ff6f5fc650baff257fe0c8c33ec346,5108
1644156915,1644156925,com.apple.mobilenotes,10,0.166666666666667,,,,Sunday,-5,2022-02-06 14:15:25,B8BF9F35-0F5E-4142-B72A-B85555F90C54,b1ff6f5fc650baff257fe0c8c33ec346,5144
1644175940,1644175950,com.apple.mobilenotes,10,0.166666666666667,,,,Sunday,-5,2022-02-06 19:32:30,E3737C43-1A4F-451C-8B68-6200D18D63B1,b1ff6f5fc650baff257fe0c8c33ec346,5163
1644177054,1644177056,com.apple.mobilenotes,2,0.0333333333333333,,,,Sunday,-5,2022-02-06 19:50:56,73E2C4AD-E26A-42B7-80BF-A207079332D4,b1ff6f5fc650baff257fe0c8c33ec346,5168
1644177073,1644177077,com.apple.mobilenotes,4,0.0666666666666667,,,,Sunday,-5,2022-02-06 19:51:17,99A724E4-9B3D-45C2-8370-EB23A698B463,b1ff6f5fc650baff257fe0c8c33ec346,5173
1644179415,1644179417,com.apple.mobilenotes,2,0.0333333333333333,,,,Sunday,-5,2022-02-06 20:30:17,164255ED-1F86-44B5-A3F7-922364A289C5,b1ff6f5fc650baff257fe0c8c33ec346,5181
1644180596,1644180597,com.apple.mobilenotes,1,0.0166666666666667,,,,Sunday,-5,2022-02-06 20:49:57,F245240D-8D67-450F-A880-A083E09B6F1A,b1ff6f5fc650baff257fe0c8c33ec346,5185
1644180692,1644180699,com.apple.mobilenotes,7,0.116666666666667,,,,Sunday,-5,2022-02-06 20:51:39,D1201505-3A84-4E50-879B-F8AE3ACC277C,b1ff6f5fc650baff257fe0c8c33ec346,5190
1644180706,1644180715,com.apple.mobilenotes,9,0.15,,,,Sunday,-5,2022-02-06 20:51:55,C767FAEC-A488-42AD-A4A1-4F1A67B6C1A1,b1ff6f5fc650baff257fe0c8c33ec346,5196
1644180747,1644180747,com.apple.mobilenotes,0,0.0,,,,Sunday,-5,2022-02-06 20:52:27,5A81590F-2534-478B-A376-54AF351DDDB1,b1ff6f5fc650baff257fe0c8c33ec346,5201
1644180826,1644180827,com.apple.mobilenotes,1,0.0166666666666667,,,,Sunday,-5,2022-02-06 20:53:47,894739B4-7B7B-4E54-ABFE-FDDD9531FA73,b1ff6f5fc650baff257fe0c8c33ec346,5208
1644180829,1644180832,com.apple.mobilenotes,3,0.05,,,,Sunday,-5,2022-02-06 20:53:52,AD520C51-7686-40CC-9FA1-240A74475352,b1ff6f5fc650baff257fe0c8c33ec346,5215
1644181475,1644181485,com.apple.mobilenotes,10,0.166666666666667,,,,Sunday,-5,2022-02-06 21:04:45,A19A8A98-7EF1-4AD1-B44B-29F07835AC3B,b1ff6f5fc650baff257fe0c8c33ec346,5224
1644181486,1644181487,com.apple.mobilenotes,1,0.0166666666666667,,,,Sunday,-5,2022-02-06 21:04:47,AD961828-A8DD-4564-AC94-B0A9AE2A577F,b1ff6f5fc650baff257fe0c8c33ec346,5232
1644182279,1644182289,com.apple.mobilenotes,10,0.166666666666667,,,,Sunday,-5,2022-02-06 21:18:09,D54C6228-9F46-41A2-8725-4AEAA7ADD0EC,b1ff6f5fc650baff257fe0c8c33ec346,5298
1644182380,1644182404,com.apple.mobilenotes,24,0.4,,,,Sunday,-5,2022-02-06 21:20:04,F55232B6-7EA8-43E4-873F-28F2501E8568,b1ff6f5fc650baff257fe0c8c33ec346,5303
1644182420,1644182421,com.apple.mobilenotes,1,0.0166666666666667,,,,Sunday,-5,2022-02-06 21:20:21,D8C20880-54F1-4018-8C14-6C6FF5C1FFEB,b1ff6f5fc650baff257fe0c8c33ec346,5308
1644182421,1644182445,com.apple.mobilenotes,24,0.4,,,,Sunday,-5,2022-02-06 21:20:45,5524F2CA-DD4B-4FA4-B826-7B25FD073A12,b1ff6f5fc650baff257fe0c8c33ec346,5314
1644182447,1644182466,com.apple.mobilenotes,19,0.316666666666667,,,,Sunday,-5,2022-02-06 21:21:06,0CDEFA00-3D5B-4CD9-843F-8A9861803192,b1ff6f5fc650baff257fe0c8c33ec346,5324
1644182468,1644182607,com.alltrails.AllTrails,139,2.31666666666667,,,,Sunday,-5,2022-02-06 21:23:27,CF4F88A4-6739-41F7-A3BD-6A642B7F8FFB,b1ff6f5fc650baff257fe0c8c33ec346,5338
1644182990,1644182992,com.alltrails.AllTrails,2,0.0333333333333333,,,,Sunday,-5,2022-02-06 21:29:52,18B97A07-3373-4B86-9F2B-E9262EE304AE,b1ff6f5fc650baff257fe0c8c33ec346,5352
1644183012,1644183034,com.alltrails.AllTrails,22,0.366666666666667,,,,Sunday,-5,2022-02-06 21:30:34,657C939E-03A7-4BBD-9E19-9D5FA4AA9925,b1ff6f5fc650baff257fe0c8c33ec346,5358
1644183012,1644183034,com.apple.camera,22,0.366666666666667,,,,Sunday,-5,2022-02-06 21:30:34,7F0C2FD7-4CA6-44CD-AF09-077D9F9C5FC8,b1ff6f5fc650baff257fe0c8c33ec346,5357
1644184475,1644184478,com.alltrails.AllTrails,3,0.05,,,,Sunday,-5,2022-02-06 21:54:38,29D56990-460A-4F66-8D89-24E3B2B2AE52,b1ff6f5fc650baff257fe0c8c33ec346,5372
1644184486,1644184505,com.alltrails.AllTrails,19,0.316666666666667,,,,Sunday,-5,2022-02-06 21:55:05,D71CF9EE-5901-430E-8C2A-91095D6199DE,b1ff6f5fc650baff257fe0c8c33ec346,5378
1644184488,1644184505,com.apple.camera,17,0.283333333333333,,,,Sunday,-5,2022-02-06 21:55:05,312B66A1-57DB-454D-8E48-07F57C0D8C1E,b1ff6f5fc650baff257fe0c8c33ec346,5377
1644185293,1644185294,com.alltrails.AllTrails,1,0.0166666666666667,,,,Sunday,-5,2022-02-06 22:08:14,01BDC37C-FD29-459F-B056-FB6D73D082EF,b1ff6f5fc650baff257fe0c8c33ec346,5389
1644185731,1644185987,com.alltrails.AllTrails,256,4.26666666666667,,,,Sunday,-5,2022-02-06 22:19:47,4629BA56-71BD-42F0-85BE-207F53833ED7,b1ff6f5fc650baff257fe0c8c33ec346,5405
1644185990,1644185996,com.alltrails.AllTrails,6,0.1,,,,Sunday,-5,2022-02-06 22:19:56,D973AC96-B2BF-4823-A454-554C95B36869,b1ff6f5fc650baff257fe0c8c33ec346,5416
1644386890,1644386891,com.alltrails.AllTrails,1,0.0166666666666667,,,,Wednesday,-5,2022-02-09 06:08:11,B845D488-ADDB-4281-8C20-BA57F6314658,b1ff6f5fc650baff257fe0c8c33ec346,5549
1644386898,1644386911,com.alltrails.AllTrails,13,0.216666666666667,,,,Wednesday,-5,2022-02-09 06:08:31,CA342D57-C427-45C1-B998-7A7653D4EE72,b1ff6f5fc650baff257fe0c8c33ec346,5557
1644390243,1644390243,com.alltrails.AllTrails,0,0.0,,,,Wednesday,-5,2022-02-09 07:04:03,ED81DC85-39A6-4675-8E4F-195C58A504D0,b1ff6f5fc650baff257fe0c8c33ec346,5678
1644390244,1644390249,com.alltrails.AllTrails,5,0.0833333333333333,,,,Wednesday,-5,2022-02-09 07:04:09,2EE2AB73-2C3D-48C0-87EE-EC97A015D423,b1ff6f5fc650baff257fe0c8c33ec346,5683
1644390252,1644390253,com.alltrails.AllTrails,1,0.0166666666666667,,,,Wednesday,-5,2022-02-09 07:04:13,7B38E9C5-8F4D-4AF0-8565-7890B53FF432,b1ff6f5fc650baff257fe0c8c33ec346,5692
1644415697,1644415707,com.alltrails.AllTrails,10,0.166666666666667,,,,Wednesday,-5,2022-02-09 14:08:27,64896252-B54F-4E84-9939-38B0FB2BCA6A,b1ff6f5fc650baff257fe0c8c33ec346,5726
1644449342,1644449352,com.alltrails.AllTrails,10,0.166666666666667,,,,Wednesday,-5,2022-02-09 23:29:12,EFF2305D-F3C1-4D98-850C-E706F9C75C72,b1ff6f5fc650baff257fe0c8c33ec346,5777
1644453602,1644453612,com.alltrails.AllTrails,10,0.166666666666667,,,,Wednesday,-5,2022-02-10 00:40:12,6015840E-943B-4421-B07F-26D6B3EBB16E,b1ff6f5fc650baff257fe0c8c33ec346,5789
1644454814,1644454824,com.alltrails.AllTrails,10,0.166666666666667,,,,Wednesday,-5,2022-02-10 01:00:24,2CDD4952-B8F6-4B51-894D-F101C2159D34,b1ff6f5fc650baff257fe0c8c33ec346,5793
1644527839,1644527849,com.alltrails.AllTrails,10,0.166666666666667,,,,Thursday,-5,2022-02-10 21:17:29,5B92A323-7066-4DD9-BC79-4BF94E3D25D8,b1ff6f5fc650baff257fe0c8c33ec346,5891
1644541341,1644541342,com.alltrails.AllTrails,1,0.0166666666666667,,,,Thursday,-5,2022-02-11 01:02:22,473688B5-F3EC-4001-9AE2-F2D264E380E7,b1ff6f5fc650baff257fe0c8c33ec346,5909
1644542700,1644542710,com.alltrails.AllTrails,10,0.166666666666667,,,,Thursday,-5,2022-02-11 01:25:10,7B5D2254-CA96-41A2-AEFD-62333C693FE2,b1ff6f5fc650baff257fe0c8c33ec346,5918
1644544592,1644544593,com.alltrails.AllTrails,1,0.0166666666666667,,,,Thursday,-5,2022-02-11 01:56:33,2209A173-EDB5-4D5E-AEC7-1CC1D943691F,b1ff6f5fc650baff257fe0c8c33ec346,5924
1644547375,1644547385,com.alltrails.AllTrails,10,0.166666666666667,,,,Thursday,-5,2022-02-11 02:43:05,DD54515B-8CB8-4E87-9C65-543844253C5B,b1ff6f5fc650baff257fe0c8c33ec346,5940
1644551568,1644551578,com.alltrails.AllTrails,10,0.166666666666667,,,,Thursday,-5,2022-02-11 03:52:58,091FEDAE-ABE6-4D75-B44A-882D7D900268,b1ff6f5fc650baff257fe0c8c33ec346,5950
1644551616,1644551626,com.alltrails.AllTrails,10,0.166666666666667,,,,Thursday,-5,2022-02-11 03:53:46,6F3ECF29-2153-4324-AFEA-9D73ADE2B3EB,b1ff6f5fc650baff257fe0c8c33ec346,5955
1644551677,1644551691,com.alltrails.AllTrails,14,0.233333333333333,,,,Thursday,-5,2022-02-11 03:54:51,0BD464E2-F137-4B5C-82CC-1EE22939D0BA,b1ff6f5fc650baff257fe0c8c33ec346,5961
1644551718,1644551727,com.alltrails.AllTrails,9,0.15,,,,Thursday,-5,2022-02-11 03:55:27,D05F47A1-7E90-4160-A318-1D2422840599,b1ff6f5fc650baff257fe0c8c33ec346,5969
1644551732,1644551744,com.apple.mobilephone,12,0.2,,,,Thursday,-5,2022-02-11 03:55:44,2082D1B5-433C-4BE9-8CA0-E49A95B8845A,b1ff6f5fc650baff257fe0c8c33ec346,5976
1644551752,1644551770,com.apple.mobilephone,18,0.3,,,,Thursday,-5,2022-02-11 03:56:10,4DC8E827-ACE2-4947-9A1E-23587A66ABAE,b1ff6f5fc650baff257fe0c8c33ec346,5982
1644551773,1644551825,com.hammerandchisel.discord,52,0.866666666666667,,,,Thursday,-5,2022-02-11 03:57:05,CC7C8598-2138-451A-B897-66528795F850,b1ff6f5fc650baff257fe0c8c33ec346,5992
1644551827,1644551856,com.apple.Preferences,29,0.483333333333333,,,,Thursday,-5,2022-02-11 03:57:36,7F43D07B-D636-4881-B4FC-E918F12DA311,b1ff6f5fc650baff257fe0c8c33ec346,6000
1644551891,1644551919,com.hammerandchisel.discord,28,0.466666666666667,,,,Thursday,-5,2022-02-11 03:58:39,197889A3-74E5-4D7C-A437-7016BDB3AED9,b1ff6f5fc650baff257fe0c8c33ec346,6006
1644551958,1644552556,com.apple.mobilesafari,598,9.96666666666667,,,,Thursday,-5,2022-02-11 04:09:16,D806F3AF-C33D-4167-A955-3B2C57AEC918,b1ff6f5fc650baff257fe0c8c33ec346,6049
1644552704,1644552732,com.apple.mobilesafari,28,0.466666666666667,,,,Thursday,-5,2022-02-11 04:12:12,EF77DFDC-73C4-4D85-991B-5D0A94764F1B,b1ff6f5fc650baff257fe0c8c33ec346,6079
1644552754,1644553163,com.apple.mobilesafari,409,6.81666666666667,,,,Thursday,-5,2022-02-11 04:19:23,CA14B451-5996-4CBA-AA79-24535B450BF2,b1ff6f5fc650baff257fe0c8c33ec346,6103
1644555701,1644555702,com.apple.camera,1,0.0166666666666667,,,,Friday,-5,2022-02-11 05:01:42,E7DD1416-83B2-4D6D-9E25-CC306036EB9A,b1ff6f5fc650baff257fe0c8c33ec346,6129
1644856548,1644856724,com.apple.Preferences,176,2.93333333333333,,,,Monday,-5,2022-02-14 16:38:44,65401B53-F96F-4FD3-8673-EF784D6BEB86,b1ff6f5fc650baff257fe0c8c33ec346,6343
1644857041,1644857045,com.apple.Preferences,4,0.0666666666666667,,,,Monday,-5,2022-02-14 16:44:05,212CAC10-3E35-44AD-A3C3-96F5DB2B3EBB,b1ff6f5fc650baff257fe0c8c33ec346,6359
1644857057,1644857061,com.apple.Preferences,4,0.0666666666666667,,,,Monday,-5,2022-02-14 16:44:21,CA1736D2-7093-4611-8F4A-CC0CFE5D3C40,b1ff6f5fc650baff257fe0c8c33ec346,6374
1644857261,1644857384,com.apple.Preferences,123,2.05,,,,Monday,-5,2022-02-14 16:49:44,A3CD1590-9FB0-4A52-9382-72DC867813E6,b1ff6f5fc650baff257fe0c8c33ec346,6410
1644857406,1644857412,com.apple.Preferences,6,0.1,,,,Monday,-5,2022-02-14 16:50:12,E6FAF9F0-4CAD-4B4D-AF4F-765DC8B4F2B8,b1ff6f5fc650baff257fe0c8c33ec346,6434
1644857672,1644857678,com.apple.Preferences,6,0.1,,,,Monday,-5,2022-02-14 16:54:38,2C8530D8-A70B-46C8-81CF-09481FC51DAE,b1ff6f5fc650baff257fe0c8c33ec346,6469
1644857681,1644857818,com.apple.Preferences,137,2.28333333333333,,,,Monday,-5,2022-02-14 16:56:58,09DF6910-1F0E-4AEE-83D4-393CFF6AE14F,b1ff6f5fc650baff257fe0c8c33ec346,6482
1644857820,1644857826,com.apple.Preferences,6,0.1,,,,Monday,-5,2022-02-14 16:57:06,7186FD7F-6063-43E4-B9EE-C9235344C156,b1ff6f5fc650baff257fe0c8c33ec346,6493
1644858001,1644858011,com.apple.Preferences,10,0.166666666666667,,,,Monday,-5,2022-02-14 17:00:11,E480E6E0-E21E-492A-AE94-A9EE488D5051,b1ff6f5fc650baff257fe0c8c33ec346,6500
1644858311,1644858318,com.apple.Preferences,7,0.116666666666667,,,,Monday,-5,2022-02-14 17:05:18,E5E54233-1E0E-437A-9344-AA933663043C,b1ff6f5fc650baff257fe0c8c33ec346,6513
1644858322,1644858335,com.apple.Preferences,13,0.216666666666667,,,,Monday,-5,2022-02-14 17:05:35,9BAEC4B0-1A06-4263-BBE9-5C46E5835CAA,b1ff6f5fc650baff257fe0c8c33ec346,6521
1644858349,1644858377,com.apple.Preferences,28,0.466666666666667,,,,Monday,-5,2022-02-14 17:06:17,50B0C049-1692-46E8-AE3C-3D6C28E52AE4,b1ff6f5fc650baff257fe0c8c33ec346,6540
